id;nome;codigo;created_by;created_date;last_modified_by;last_modified_date
1;rout but briefly;as ;gladly yippee toffee;2024-01-20T03:03:36;helpfully wonderfully blank;2024-01-19T23:05:05
2;meanwhile;bat;rouse pfft knight;2024-01-20T04:19:25;whose ew differ;2024-01-19T18:18:08
3;powerfully than;rei;modulo;2024-01-20T04:24:53;invent if energetically;2024-01-20T13:03:31
4;crossly news worriedly;bar;like unethically;2024-01-19T19:02:30;fooey ack;2024-01-20T07:37:13
5;across;ant;but hence;2024-01-19T19:20:15;functionality numb shyly;2024-01-19T19:49:48
6;gee vent;dev;along;2024-01-20T08:01:32;cruise warlike obediently;2024-01-20T02:29:11
7;over;pro;phooey though;2024-01-20T03:29:44;deeply;2024-01-20T00:15:36
8;however;cla;inwardly unfortunately roughly;2024-01-19T23:19:57;whopping joyous quizzically;2024-01-19T17:56:30
9;phooey as educated;ah ;than dental;2024-01-19T17:01:21;seal inhibitor;2024-01-20T01:22:35
10;keyboard pfft;gua;mid fooey tenant;2024-01-20T03:25:18;viciously especially;2024-01-20T10:01:42
